{
	"dataSel_savePortrait_slot163":  { "File": "Portraits.png", "Rect": "1,1,80,56", "Center": "40,120" },
	"dataSel_savePortrait_superslot163":  { "File": "Portraits.png", "Rect": "82,1,80,56", "Center": "40,120" },
	"dataSel_savePortrait_clear_slot163":  { "File": "Portraits.png", "Rect": "163,1,80,56", "Center": "40,120" },
	
	"ESS_Zone_es163_0":  { "File": "Portraits.png", "Rect": "1,1,80,56", "Center": "40,28" },
	"ESS_Zone_es163_1":  { "File": "Portraits.png", "Rect": "82,1,80,56", "Center": "40,28" },
	"ESS_Zone_es163_2":  { "File": "Portraits.png", "Rect": "163,1,80,56", "Center": "40,28" },
}